[{"model": "core.parent", "pk": 1, "fields": {"full_name": "Иванова Мария Петровна", "phone": "+7 (916) 123-45-67", "email": "ivanova@example.com", "address": "г. Москва, ул. Пушкина, д. 10, кв. 5", "work_place": "ООО \"Рога и копыта\"", "notes": "Активная мама, всегда на связи", "created_at": "2025-08-07T00:50:50.045Z", "updated_at": "2025-08-07T00:50:50.045Z"}}, {"model": "core.user", "fields": {"password": "pbkdf2_sha256$600000$eeWuJRiQM01UefGIbbyB7u$pRpL7/cbijXUgFf8mTKPITDc8/VZfJd9zPIgcANeMlY=", "last_login": null, "is_superuser": false, "username": "test_student", "first_name": "Иван", "last_name": "Петров", "email": "student@test.com", "is_staff": false, "is_active": true, "date_joined": "2025-08-07T00:50:56.543Z", "role": "student", "group": null, "birth_date": null, "parent_full_name": "", "parent_phone": "", "parent": 1, "groups": [], "user_permissions": []}}, {"model": "core.user", "fields": {"password": "pbkdf2_sha256$600000$9ebpQvP4fiooiW7Ghvfe9h$a3RIesUksNOlKVEe6Ike6C+JzFAPrZLM715hhDyzsS8=", "last_login": null, "is_superuser": false, "username": "teacher1", "first_name": "Анна", "last_name": "Иванова", "email": "teacher1@example.com", "is_staff": false, "is_active": true, "date_joined": "2025-08-07T01:27:56.994Z", "role": "teacher", "group": null, "birth_date": null, "parent_full_name": "", "parent_phone": "", "parent": null, "groups": [], "user_permissions": []}}, {"model": "core.user", "fields": {"password": "pbkdf2_sha256$600000$OuwpaYfsYLStWATa3sMeYC$do+g+lbSokqxG43BkuUWCgEvloqpCijSImm1iCxhU7A=", "last_login": null, "is_superuser": false, "username": "teacher2", "first_name": "Петр", "last_name": "Смирнов", "email": "teacher2@example.com", "is_staff": false, "is_active": true, "date_joined": "2025-08-07T01:27:57.167Z", "role": "teacher", "group": null, "birth_date": null, "parent_full_name": "", "parent_phone": "", "parent": null, "groups": [], "user_permissions": []}}, {"model": "core.user", "fields": {"password": "pbkdf2_sha256$600000$5ryZwQyOzbly3ORsL4u5PS$ENkL1wCsxXV4D5xbJ/nbA+nLL7ul3DwX7JoRwuF3GEM=", "last_login": null, "is_superuser": false, "username": "teacher3", "first_name": "Елена", "last_name": "Козлова", "email": "teacher3@example.com", "is_staff": false, "is_active": true, "date_joined": "2025-08-07T01:27:57.335Z", "role": "teacher", "group": null, "birth_date": null, "parent_full_name": "", "parent_phone": "", "parent": null, "groups": [], "user_permissions": []}}, {"model": "core.profile", "pk": 1, "fields": {"user": ["test_student"], "astrocoins": 0, "created_at": "2025-08-07T00:50:56.868Z"}}, {"model": "core.profile", "pk": 2, "fields": {"user": ["teacher1"], "astrocoins": 0, "created_at": "2025-08-07T01:27:56.994Z"}}, {"model": "core.profile", "pk": 3, "fields": {"user": ["teacher2"], "astrocoins": 0, "created_at": "2025-08-07T01:27:57.167Z"}}, {"model": "core.profile", "pk": 4, "fields": {"user": ["teacher3"], "astrocoins": 0, "created_at": "2025-08-07T01:27:57.336Z"}}, {"model": "core.productcategory", "pk": 1, "fields": {"name": "Коврики для мыши", "slug": "kovriki-dlya-myshi", "description": "Стильные коврики для мыши с IT-тематикой", "is_featured": false, "icon": "", "order": 10, "created_at": "2025-08-07T07:39:58.592Z"}}, {"model": "core.productcategory", "pk": 2, "fields": {"name": "Канцелярские принадлежности", "slug": "kantselyarskie-prinadlezhnosti", "description": "Ручки, карандаши и другие канцтовары", "is_featured": false, "icon": "", "order": 30, "created_at": "2025-08-07T07:39:58.600Z"}}, {"model": "core.productcategory", "pk": 3, "fields": {"name": "Браслеты", "slug": "braslety", "description": "Браслеты с символикой Алгоритмики", "is_featured": false, "icon": "", "order": 20, "created_at": "2025-08-07T07:39:58.604Z"}}, {"model": "core.productcategory", "pk": 4, "fields": {"name": "Попсокеты", "slug": "popsokety", "description": "Попсокеты для телефонов", "is_featured": false, "icon": "", "order": 40, "created_at": "2025-08-07T07:39:58.611Z"}}, {"model": "core.productcategory", "pk": 5, "fields": {"name": "Бутылки и стаканы", "slug": "butylki-i-stakany", "description": "Бутылки и стаканы для воды", "is_featured": false, "icon": "", "order": 50, "created_at": "2025-08-07T07:39:58.617Z"}}, {"model": "core.productcategory", "pk": 6, "fields": {"name": "Рюкзаки и сумки", "slug": "ryukzaki-i-sumki", "description": "Рюкзаки и сумки с логотипом", "is_featured": false, "icon": "", "order": 60, "created_at": "2025-08-07T07:39:58.622Z"}}, {"model": "core.productcategory", "pk": 7, "fields": {"name": "Головные уборы", "slug": "golovnye-ubory", "description": "Кепки, шапки и другие головные уборы", "is_featured": false, "icon": "", "order": 70, "created_at": "2025-08-07T07:39:58.622Z"}}, {"model": "core.productcategory", "pk": 8, "fields": {"name": "Наклейки и переводки", "slug": "nakleyki-i-perevodki", "description": "Наклейки и переводки с IT-тематикой", "is_featured": false, "icon": "", "order": 80, "created_at": "2025-08-07T07:39:58.633Z"}}, {"model": "core.productcategory", "pk": 9, "fields": {"name": "Вкусняшки", "slug": "vkusnyashki", "description": "Сладости и снеки", "is_featured": false, "icon": "", "order": 100, "created_at": "2025-08-07T07:39:58.633Z"}}, {"model": "core.productcategory", "pk": 10, "fields": {"name": "Часы", "slug": "chasy", "description": "Часы с символикой", "is_featured": false, "icon": "", "order": 110, "created_at": "2025-08-07T07:39:58.643Z"}}, {"model": "core.productcategory", "pk": 11, "fields": {"name": "Игры", "slug": "igry", "description": "Настольные и компьютерные игры", "is_featured": false, "icon": "", "order": 120, "created_at": "2025-08-07T07:39:58.649Z"}}, {"model": "core.productcategory", "pk": 12, "fields": {"name": "Одежда", "slug": "odezhda", "description": "Футболки, худи и другая одежда", "is_featured": false, "icon": "", "order": 130, "created_at": "2025-08-07T07:39:58.656Z"}}, {"model": "core.productcategory", "pk": 13, "fields": {"name": "Подарочные сертификаты", "slug": "podarochnye-sertifikaty", "description": "Подарочные сертификаты на курсы", "is_featured": false, "icon": "", "order": 140, "created_at": "2025-08-07T07:39:58.657Z"}}, {"model": "core.productcategory", "pk": 14, "fields": {"name": "USB и аксессуары", "slug": "usb-i-aksessuary", "description": "USB-накопители и компьютерные аксессуары", "is_featured": false, "icon": "", "order": 150, "created_at": "2025-08-07T07:39:58.666Z"}}, {"model": "core.productcategory", "pk": 15, "fields": {"name": "Игровые валюты", "slug": "igrovye-valyuty", "description": "Roblox, Steam, Standoff и другие игровые валюты", "is_featured": false, "icon": "", "order": 170, "created_at": "2025-08-07T07:39:58.671Z"}}, {"model": "core.productcategory", "pk": 16, "fields": {"name": "Значки и бейджи", "slug": "znachki-i-beydzhi", "description": "Значки и школьные бейджи", "is_featured": false, "icon": "", "order": 160, "created_at": "2025-08-07T07:39:58.677Z"}}, {"model": "core.productcategory", "pk": 17, "fields": {"name": "Тестовая категория", "slug": "testovaya-kategoriya", "description": "Категория Тестовая категория", "is_featured": false, "icon": "", "order": 180, "created_at": "2025-08-07T08:19:41.262Z"}}, {"model": "core.productcategory", "pk": 18, "fields": {"name": "ИЗ с педагогом", "slug": "iz-s-pedagogom", "description": "Категория ИЗ с педагогом", "is_featured": false, "icon": "", "order": 90, "created_at": "2025-08-07T08:48:50.716Z"}}, {"model": "core.product", "pk": 1, "fields": {"name": "Коврик для мыши \"Just code it\"", "slug": "kovrik-dlya-myshi-just-code-it", "description": "Стильный коврик для программистов с мотивирующей надписью. В Благовещенске нет в наличии.", "price": 350, "image": "", "category": 1, "available": true, "stock": 17, "is_digital": false, "featured": false, "created_at": "2025-08-07T07:40:04.281Z", "updated_at": "2025-08-07T08:23:25.647Z"}}, {"model": "core.product", "pk": 2, "fields": {"name": "Ручка \"Алгоритмика\" белая", "slug": "ruchka-algoritmika-belaya", "description": "Белая ручка с логотипом Алгоритмики. Доступна во Владивостоке, Находке.", "price": 40, "image": "", "category": 2, "available": true, "stock": 54, "is_digital": false, "featured": false, "created_at": "2025-08-07T07:40:04.288Z", "updated_at": "2025-08-07T08:36:32.800Z"}}, {"model": "core.product", "pk": 3, "fields": {"name": "Коврик для мыши \"Cool kids do CODES\"", "slug": "kovrik-dlya-myshi-cool-kids-do-codes", "description": "Коврик для юных программистов. Доступен в Владивостоке, Уссурийске, Находке.", "price": 350, "image": "", "category": 1, "available": true, "stock": 18, "is_digital": false, "featured": false, "created_at": "2025-08-07T07:40:04.294Z", "updated_at": "2025-08-07T08:23:25.654Z"}}, {"model": "core.product", "pk": 4, "fields": {"name": "Коврик для мыши с горячими клавишами", "slug": "kovrik-dlya-myshi-s-goryachimi-klavishami", "description": "ТОП! Коврик с полезными горячими клавишами для программирования.", "price": 350, "image": "", "category": 1, "available": true, "stock": 7, "is_digital": false, "featured": true, "created_at": "2025-08-07T07:40:04.302Z", "updated_at": "2025-08-07T08:23:25.659Z"}}, {"model": "core.product", "pk": 5, "fields": {"name": "Коврик для мыши \"Open source\"", "slug": "kovrik-dlya-myshi-open-source", "description": "Коврик для любителей открытого исходного кода. В Благовещенске в наличии нет.", "price": 350, "image": "", "category": 1, "available": true, "stock": 16, "is_digital": false, "featured": false, "created_at": "2025-08-07T07:40:04.308Z", "updated_at": "2025-08-07T08:23:25.662Z"}}, {"model": "core.product", "pk": 6, "fields": {"name": "Коврик для мыши \"Готово на 99%\"", "slug": "kovrik-dlya-myshi-gotovo-na-99", "description": "Юмористический коврик для программистов. В Благовещенске нет в наличии.", "price": 350, "image": "", "category": 1, "available": true, "stock": 15, "is_digital": false, "featured": false, "created_at": "2025-08-07T07:40:04.311Z", "updated_at": "2025-08-07T08:23:25.671Z"}}, {"model": "core.product", "pk": 7, "fields": {"name": "Карандаш \"Алгоритмика\" белый", "slug": "karandash-algoritmika-belyy", "description": "Белый карандаш с логотипом Алгоритмики. В Благовещенске нет в наличии.", "price": 30, "image": "", "category": 2, "available": true, "stock": 5, "is_digital": false, "featured": false, "created_at": "2025-08-07T07:40:04.321Z", "updated_at": "2025-08-07T08:36:32.810Z"}}, {"model": "core.product", "pk": 8, "fields": {"name": "Эко-ручка \"Алгоритмика\"", "slug": "eko-ruchka-algoritmika", "description": "Экологичная ручка с логотипом Алгоритмики. Доступна во Владивостоке, Находке, Уссурийске.", "price": 40, "image": "", "category": 2, "available": true, "stock": 179, "is_digital": false, "featured": false, "created_at": "2025-08-07T07:40:04.324Z", "updated_at": "2025-08-07T08:36:32.816Z"}}, {"model": "core.product", "pk": 9, "fields": {"name": "Браслет \"Алгоритмика\" синий", "slug": "braslet-algoritmika-siniy", "description": "Синий браслет с логотипом Алгоритмики. В Благовещенске, Уссурийске нет в наличии.", "price": 50, "image": "", "category": 3, "available": true, "stock": 2, "is_digital": false, "featured": false, "created_at": "2025-08-07T07:40:04.331Z", "updated_at": "2025-08-07T08:27:15.040Z"}}, {"model": "core.product", "pk": 10, "fields": {"name": "Roblox 800 Robux", "slug": "roblox-800-robux", "description": "800 Robux для игры Roblox. Мгновенная доставка на аккаунт", "price": 1000, "image": "", "category": 15, "available": true, "stock": 50, "is_digital": true, "featured": true, "created_at": "2025-08-07T07:40:04.341Z", "updated_at": "2025-08-07T07:55:05.881Z"}}, {"model": "core.product", "pk": 11, "fields": {"name": "Steam Wallet 500₽", "slug": "steam-wallet-500", "description": "Пополнение Steam кошелька на 500 рублей. Цифровой код", "price": 600, "image": "", "category": 15, "available": true, "stock": 30, "is_digital": true, "featured": true, "created_at": "2025-08-07T07:40:04.349Z", "updated_at": "2025-08-07T07:55:05.886Z"}}, {"model": "core.product", "pk": 12, "fields": {"name": "Standoff 2 Gold 1000", "slug": "standoff-2-gold-1000", "description": "1000 золота для игры Standoff 2. Быстрое пополнение аккаунта", "price": 800, "image": "", "category": 15, "available": true, "stock": 25, "is_digital": true, "featured": true, "created_at": "2025-08-07T07:40:04.352Z", "updated_at": "2025-08-07T07:55:05.888Z"}}, {"model": "core.product", "pk": 13, "fields": {"name": "Подарочный сертификат на курс программирования", "slug": "podarochnyy-sertifikat-na-kurs-programmirovaniya", "description": "Подарочный сертификат на любой курс программирования в Алгоритмике", "price": 5000, "image": "", "category": 13, "available": true, "stock": 10, "is_digital": true, "featured": true, "created_at": "2025-08-07T07:40:04.363Z", "updated_at": "2025-08-07T07:55:05.897Z"}}, {"model": "core.product", "pk": 14, "fields": {"name": "USB-флешка \"Алгоритмика\" 16GB", "slug": "usb-fleshka-algoritmika-16gb", "description": "USB-накопитель 16GB с логотипом Алгоритмики. Идеален для хранения проектов", "price": 800, "image": "", "category": 14, "available": true, "stock": 15, "is_digital": false, "featured": false, "created_at": "2025-08-07T07:40:04.366Z", "updated_at": "2025-08-07T07:55:05.903Z"}}, {"model": "core.product", "pk": 15, "fields": {"name": "Попсокет \"Code Life\"", "slug": "popsoket-code-life", "description": "Попсокет для телефона с надписью \"Code Life\" для юных программистов", "price": 200, "image": "", "category": 4, "available": true, "stock": 35, "is_digital": false, "featured": false, "created_at": "2025-08-07T07:40:04.377Z", "updated_at": "2025-08-07T07:55:05.909Z"}}, {"model": "core.product", "pk": 16, "fields": {"name": "Попсокет \"Open Source\"", "slug": "popsoket-open-source", "description": "Попсокет для любителей открытого исходного кода.", "price": 100, "image": "", "category": 4, "available": true, "stock": 25, "is_digital": false, "featured": false, "created_at": "2025-08-07T07:54:23.096Z", "updated_at": "2025-08-07T08:36:36.275Z"}}, {"model": "core.product", "pk": 17, "fields": {"name": "80 робаксов с зачислением через 7 дней", "slug": "80-robaksov-s-zachisleniem-cherez-7-dney", "description": "80 робаксов для Roblox с зачислением через 7 дней (Уссурийск нет в наличии)", "price": 150, "image": "", "category": 15, "available": true, "stock": 20, "is_digital": true, "featured": true, "created_at": "2025-08-07T07:54:23.102Z", "updated_at": "2025-08-07T07:55:05.921Z"}}, {"model": "core.product", "pk": 18, "fields": {"name": "Коврик гигант фиолетовый", "slug": "kovrik-gigant-fioletovyy", "description": "Большой фиолетовый коврик для мыши", "price": 350, "image": "", "category": 1, "available": true, "stock": 3, "is_digital": false, "featured": false, "created_at": "2025-08-07T07:54:23.110Z", "updated_at": "2025-08-07T07:55:05.928Z"}}, {"model": "core.product", "pk": 19, "fields": {"name": "Коврик гигант желтый", "slug": "kovrik-gigant-zheltyy", "description": "Большой желтый коврик для мыши", "price": 350, "image": "", "category": 1, "available": true, "stock": 5, "is_digital": false, "featured": false, "created_at": "2025-08-07T07:54:23.115Z", "updated_at": "2025-08-07T07:55:05.930Z"}}, {"model": "core.product", "pk": 20, "fields": {"name": "Бутылка для воды \"Алгоритмика\"", "slug": "butylka-dlya-vody-algoritmika", "description": "Спортивная бутылка для воды с логотипом Алгоритмики", "price": 400, "image": "", "category": 5, "available": true, "stock": 20, "is_digital": false, "featured": false, "created_at": "2025-08-07T07:55:05.930Z", "updated_at": "2025-08-07T07:55:05.940Z"}}, {"model": "core.product", "pk": 21, "fields": {"name": "Термокружка \"Code & Coffee\"", "slug": "termokruzhka-code-coffee", "description": "Термокружка для кофе с надписью \"Code & Coffee\"", "price": 600, "image": "", "category": 5, "available": true, "stock": 15, "is_digital": false, "featured": false, "created_at": "2025-08-07T07:55:05.944Z", "updated_at": "2025-08-07T07:55:05.944Z"}}, {"model": "core.product", "pk": 22, "fields": {"name": "Рюкзак \"Алгоритмика\" черный", "slug": "ryukzak-algoritmika-chernyy", "description": "Стильный черный рюкзак с логотипом Алгоритмики для ноутбука", "price": 2000, "image": "", "category": 6, "available": true, "stock": 8, "is_digital": false, "featured": true, "created_at": "2025-08-07T07:55:05.944Z", "updated_at": "2025-08-07T07:55:05.953Z"}}, {"model": "core.product", "pk": 23, "fields": {"name": "Сумка для ноутбука \"Tech Style\"", "slug": "sumka-dlya-noutbuka-tech-style", "description": "Удобная сумка для ноутбука в техно-стиле", "price": 1500, "image": "", "category": 6, "available": true, "stock": 12, "is_digital": false, "featured": false, "created_at": "2025-08-07T07:55:05.958Z", "updated_at": "2025-08-07T07:55:05.959Z"}}, {"model": "core.product", "pk": 24, "fields": {"name": "Кепка \"Алгоритмика\" синяя", "slug": "kepka-algoritmika-sinyaya", "description": "Синяя кепка с вышитым логотипом Алгоритмики", "price": 500, "image": "", "category": 7, "available": true, "stock": 25, "is_digital": false, "featured": false, "created_at": "2025-08-07T07:55:05.965Z", "updated_at": "2025-08-07T07:55:05.965Z"}}, {"model": "core.product", "pk": 25, "fields": {"name": "Шапка \"Code Ninja\"", "slug": "shapka-code-ninja", "description": "Теплая шапка с надписью \"Code Ninja\"", "price": 600, "image": "", "category": 7, "available": true, "stock": 18, "is_digital": false, "featured": false, "created_at": "2025-08-07T07:55:05.967Z", "updated_at": "2025-08-07T07:55:05.967Z"}}, {"model": "core.product", "pk": 26, "fields": {"name": "Набор стикеров \"IT-мемы\"", "slug": "nabor-stikerov-it-memy", "description": "Набор из 20 стикеров с популярными IT-мемами", "price": 150, "image": "", "category": 8, "available": true, "stock": 100, "is_digital": false, "featured": true, "created_at": "2025-08-07T07:55:05.977Z", "updated_at": "2025-08-07T07:55:05.977Z"}}, {"model": "core.product", "pk": 27, "fields": {"name": "Переводки \"HTML теги\"", "slug": "perevodki-html-tegi", "description": "Переводки с основными HTML тегами для декора", "price": 100, "image": "", "category": 8, "available": true, "stock": 50, "is_digital": false, "featured": false, "created_at": "2025-08-07T07:55:05.980Z", "updated_at": "2025-08-07T07:55:05.980Z"}}, {"model": "core.product", "pk": 28, "fields": {"name": "Конфеты \"Алгоритмика\" мятные", "slug": "konfety-algoritmika-myatnye", "description": "Мятные конфеты с логотипом Алгоритмики", "price": 80, "image": "", "category": 9, "available": true, "stock": 200, "is_digital": false, "featured": false, "created_at": "2025-08-07T07:55:05.990Z", "updated_at": "2025-08-07T07:55:05.990Z"}}, {"model": "core.product", "pk": 29, "fields": {"name": "Шоколадка \"Bug Free\"", "slug": "shokoladka-bug-free", "description": "Молочный шоколад с надписью \"Bug Free\"", "price": 120, "image": "", "category": 9, "available": true, "stock": 150, "is_digital": false, "featured": false, "created_at": "2025-08-07T07:55:05.993Z", "updated_at": "2025-08-07T07:55:05.993Z"}}, {"model": "core.product", "pk": 30, "fields": {"name": "Часы настенные \"Binary Time\"", "slug": "chasy-nastennye-binary-time", "description": "Необычные настенные часы, показывающие время в двоичном коде", "price": 1200, "image": "", "category": 10, "available": true, "stock": 5, "is_digital": false, "featured": true, "created_at": "2025-08-07T07:55:05.993Z", "updated_at": "2025-08-07T07:55:06.002Z"}}, {"model": "core.product", "pk": 31, "fields": {"name": "Наручные часы \"Алгоритмика\"", "slug": "naruchnye-chasy-algoritmika", "description": "Стильные наручные часы с логотипом Алгоритмики", "price": 2500, "image": "", "category": 10, "available": true, "stock": 10, "is_digital": false, "featured": false, "created_at": "2025-08-07T07:55:06.007Z", "updated_at": "2025-08-07T07:55:06.007Z"}}, {"model": "core.product", "pk": 32, "fields": {"name": "Настольная игра \"Алгоритмы\"", "slug": "nastolnaya-igra-algoritmy", "description": "Образовательная настольная игра для изучения алгоритмов", "price": 1800, "image": "", "category": 11, "available": true, "stock": 15, "is_digital": false, "featured": true, "created_at": "2025-08-07T07:55:06.007Z", "updated_at": "2025-08-07T07:55:06.007Z"}}, {"model": "core.product", "pk": 33, "fields": {"name": "Пазл \"Код программиста\"", "slug": "pazl-kod-programmista", "description": "Пазл из 500 деталей с изображением кода", "price": 800, "image": "", "category": 11, "available": true, "stock": 20, "is_digital": false, "featured": false, "created_at": "2025-08-07T07:55:06.021Z", "updated_at": "2025-08-07T07:55:06.021Z"}}, {"model": "core.product", "pk": 34, "fields": {"name": "Футболка \"Алгоритмика\" черная", "slug": "futbolka-algoritmika-chernaya", "description": "Черная футболка с логотипом Алгоритмики", "price": 900, "image": "", "category": 12, "available": true, "stock": 30, "is_digital": false, "featured": false, "created_at": "2025-08-07T07:55:06.027Z", "updated_at": "2025-08-07T07:55:06.028Z"}}, {"model": "core.product", "pk": 35, "fields": {"name": "Худи \"Code Life\" серое", "slug": "hudi-code-life-seroe", "description": "Серое худи с надписью \"Code Life\"", "price": 2200, "image": "", "category": 12, "available": true, "stock": 15, "is_digital": false, "featured": true, "created_at": "2025-08-07T07:55:06.031Z", "updated_at": "2025-08-07T07:55:06.031Z"}}, {"model": "core.product", "pk": 36, "fields": {"name": "Значок \"Python\"", "slug": "znachok-python", "description": "Металлический значок с логотипом Python", "price": 80, "image": "", "category": 16, "available": true, "stock": 100, "is_digital": false, "featured": false, "created_at": "2025-08-07T07:55:06.039Z", "updated_at": "2025-08-07T07:55:06.039Z"}}, {"model": "core.product", "pk": 37, "fields": {"name": "Бейдж школьный \"Ученик Алгоритмики\"", "slug": "beydzh-shkolnyy-uchenik-algoritmiki", "description": "Школьный бейдж для учеников Алгоритмики", "price": 120, "image": "", "category": 16, "available": true, "stock": 50, "is_digital": false, "featured": false, "created_at": "2025-08-07T07:55:06.045Z", "updated_at": "2025-08-07T07:55:06.046Z"}}, {"model": "core.product", "pk": 38, "fields": {"name": "Тестовый товар", "slug": "testovyy-tovar", "description": "Это тестовый товар для проверки команды", "price": 100, "image": "", "category": 17, "available": true, "stock": 5, "is_digital": false, "featured": false, "created_at": "2025-08-07T08:19:41.278Z", "updated_at": "2025-08-07T08:19:41.278Z"}}, {"model": "core.product", "pk": 39, "fields": {"name": "Коврик для мыши \"Hello World\"", "slug": "kovrik-dlya-myshi-hello-world", "description": "Стильный коврик для мыши с надписью Hello World для программистов", "price": 350, "image": "", "category": 1, "available": true, "stock": 10, "is_digital": false, "featured": false, "created_at": "2025-08-07T08:19:56.896Z", "updated_at": "2025-08-07T08:19:56.896Z"}}, {"model": "core.product", "pk": 40, "fields": {"name": "Roblox 400 Robux", "slug": "roblox-400-robux", "description": "400 Robux для игры Roblox. Мгновенная доставка на аккаунт", "price": 500, "image": "", "category": 15, "available": true, "stock": 100, "is_digital": true, "featured": true, "created_at": "2025-08-07T08:19:56.907Z", "updated_at": "2025-08-07T08:19:56.908Z"}}, {"model": "core.product", "pk": 41, "fields": {"name": "Ручка \"Python Developer\"", "slug": "ruchka-python-developer", "description": "Ручка с надписью Python Developer для программистов", "price": 45, "image": "", "category": 2, "available": true, "stock": 30, "is_digital": false, "featured": false, "created_at": "2025-08-07T08:19:56.913Z", "updated_at": "2025-08-07T08:19:56.913Z"}}, {"model": "core.product", "pk": 42, "fields": {"name": "Коврик-гигант желтый", "slug": "kovrik-gigant-zheltyy-1", "description": "Большой желтый коврик для мыши увеличенного размера.", "price": 350, "image": "", "category": 1, "available": true, "stock": 7, "is_digital": false, "featured": false, "created_at": "2025-08-07T08:23:25.676Z", "updated_at": "2025-08-07T08:23:25.676Z"}}, {"model": "core.product", "pk": 43, "fields": {"name": "Коврик-гигант фиолетовый", "slug": "kovrik-gigant-fioletovyy-1", "description": "Большой фиолетовый коврик для мыши увеличенного размера.", "price": 350, "image": "", "category": 1, "available": true, "stock": 3, "is_digital": false, "featured": false, "created_at": "2025-08-07T08:23:25.683Z", "updated_at": "2025-08-07T08:23:25.683Z"}}, {"model": "core.product", "pk": 44, "fields": {"name": "Коврик для мыши размер стандарт «Давай кодить»", "slug": "kovrik-dlya-myshi-razmer-standart-davay-kodit", "description": "Стандартный коврик с мотивирующей надписью. В Благовещенске нет в наличии.", "price": 200, "image": "", "category": 1, "available": true, "stock": 2, "is_digital": false, "featured": false, "created_at": "2025-08-07T08:23:25.691Z", "updated_at": "2025-08-07T08:23:25.691Z"}}, {"model": "core.product", "pk": 45, "fields": {"name": "Коврик для мыши размер стандарт «Горячие клавиши»", "slug": "kovrik-dlya-myshi-razmer-standart-goryachie-klavishi", "description": "Стандартный коврик с горячими клавишами. В Благовещенске нет в наличии.", "price": 200, "image": "", "category": 1, "available": true, "stock": 5, "is_digital": false, "featured": false, "created_at": "2025-08-07T08:23:25.697Z", "updated_at": "2025-08-07T08:23:25.698Z"}}, {"model": "core.product", "pk": 46, "fields": {"name": "Коврик для мыши размер стандарт «Алгоритмика»", "slug": "kovrik-dlya-myshi-razmer-standart-algoritmika", "description": "Стандартный коврик с логотипом Алгоритмики. В Благовещенске нет в наличии.", "price": 200, "image": "", "category": 1, "available": true, "stock": 4, "is_digital": false, "featured": false, "created_at": "2025-08-07T08:23:25.705Z", "updated_at": "2025-08-07T08:23:25.705Z"}}, {"model": "core.product", "pk": 47, "fields": {"name": "Браслеты в ассортименте Владивосток", "slug": "braslety-v-assortimente-vladivostok", "description": "Разнообразные браслеты в ассортименте. Доступны во Владивостоке.", "price": 100, "image": "", "category": 3, "available": true, "stock": 25, "is_digital": false, "featured": false, "created_at": "2025-08-07T08:27:15.051Z", "updated_at": "2025-08-07T08:27:15.052Z"}}, {"model": "core.product", "pk": 48, "fields": {"name": "Браслеты цветные Владивосток", "slug": "braslety-tsvetnye-vladivostok", "description": "Яркие цветные браслеты. Доступны во Владивостоке.", "price": 200, "image": "", "category": 3, "available": true, "stock": 19, "is_digital": false, "featured": false, "created_at": "2025-08-07T08:27:15.056Z", "updated_at": "2025-08-07T08:27:15.057Z"}}, {"model": "core.product", "pk": 49, "fields": {"name": "Браслет светоотражающий Владивосток", "slug": "braslet-svetootrazhayuschiy-vladivostok", "description": "Светоотражающий браслет для безопасности. Доступен во Владивостоке.", "price": 150, "image": "", "category": 3, "available": true, "stock": 20, "is_digital": false, "featured": false, "created_at": "2025-08-07T08:27:15.063Z", "updated_at": "2025-08-07T08:27:15.063Z"}}, {"model": "core.product", "pk": 50, "fields": {"name": "Тетрадь \"Алгоритмика\" в клетку", "slug": "tetrad-algoritmika-v-kletku", "description": "Тетрадь в клетку с логотипом Алгоритмики. Доступна во Владивостоке, Уссурийске, Находке.", "price": 40, "image": "", "category": 2, "available": true, "stock": 72, "is_digital": false, "featured": false, "created_at": "2025-08-07T08:36:32.821Z", "updated_at": "2025-08-07T08:36:32.821Z"}}, {"model": "core.product", "pk": 51, "fields": {"name": "Пенал «Алгоритмика» фиолетовый", "slug": "penal-algoritmika-fioletovyy", "description": "Стильный фиолетовый пенал с логотипом Алгоритмики.", "price": 300, "image": "", "category": 2, "available": true, "stock": 9, "is_digital": false, "featured": false, "created_at": "2025-08-07T08:36:32.828Z", "updated_at": "2025-08-07T08:36:32.829Z"}}, {"model": "core.product", "pk": 52, "fields": {"name": "Ручка металлическая фиолетовая", "slug": "ruchka-metallicheskaya-fioletovaya", "description": "TOP🔥 Премиальная металлическая ручка фиолетового цвета.", "price": 150, "image": "", "category": 2, "available": true, "stock": 37, "is_digital": false, "featured": true, "created_at": "2025-08-07T08:36:32.834Z", "updated_at": "2025-08-07T08:36:32.834Z"}}, {"model": "core.product", "pk": 53, "fields": {"name": "Карандаш «Алгоритмика»", "slug": "karandash-algoritmika", "description": "Классический карандаш с логотипом Алгоритмики.", "price": 50, "image": "", "category": 2, "available": true, "stock": 83, "is_digital": false, "featured": false, "created_at": "2025-08-07T08:36:32.839Z", "updated_at": "2025-08-07T08:36:32.839Z"}}, {"model": "core.product", "pk": 54, "fields": {"name": "Ежедневник «Алгоритмика ценит твои достижения»", "slug": "ezhednevnik-algoritmika-tsenit-tvoi-dostizheniya", "description": "Мотивирующий ежедневник для планирования достижений. В Благовещенске нет в наличии.", "price": 500, "image": "", "category": 2, "available": true, "stock": 4, "is_digital": false, "featured": false, "created_at": "2025-08-07T08:36:32.845Z", "updated_at": "2025-08-07T08:36:32.845Z"}}, {"model": "core.product", "pk": 55, "fields": {"name": "Набор цветных мини-карандашей Владивосток", "slug": "nabor-tsvetnyh-mini-karandashey-vladivostok", "description": "Набор цветных мини-карандашей. Доступен во Владивостоке.", "price": 200, "image": "", "category": 2, "available": true, "stock": 20, "is_digital": false, "featured": false, "created_at": "2025-08-07T08:36:32.853Z", "updated_at": "2025-08-07T08:36:32.853Z"}}, {"model": "core.product", "pk": 56, "fields": {"name": "Попсокет Чек IT", "slug": "popsoket-chek-it", "description": "Стильный попсокет с IT-тематикой.", "price": 100, "image": "", "category": 4, "available": true, "stock": 36, "is_digital": false, "featured": false, "created_at": "2025-08-07T08:36:36.283Z", "updated_at": "2025-08-07T08:36:36.283Z"}}, {"model": "core.product", "pk": 57, "fields": {"name": "Чек IT \"Алгоритмика\"", "slug": "chek-it-algoritmika", "description": "Значок в IT-стиле с логотипом Алгоритмики.", "price": 100, "image": "", "category": 16, "available": true, "stock": 22, "is_digital": false, "featured": false, "created_at": "2025-08-07T08:36:36.290Z", "updated_at": "2025-08-07T08:49:12.585Z"}}, {"model": "core.product", "pk": 58, "fields": {"name": "Попсокет \"Алгоритмика это жизнь!\"", "slug": "popsoket-algoritmika-eto-zhizn", "description": "Мотивирующий попсокет для фанатов Алгоритмики. В Благовещенске нет в наличии.", "price": 100, "image": "", "category": 4, "available": true, "stock": 7, "is_digital": false, "featured": false, "created_at": "2025-08-07T08:36:36.296Z", "updated_at": "2025-08-07T08:36:36.296Z"}}, {"model": "core.product", "pk": 59, "fields": {"name": "Бутылка для воды 900мл", "slug": "butylka-dlya-vody-900ml", "description": "ТОР🔥 Бутылка для воды объемом 900мл. В Благовещенске нет в наличии.", "price": 650, "image": "", "category": 5, "available": true, "stock": 2, "is_digital": false, "featured": true, "created_at": "2025-08-07T08:36:38.790Z", "updated_at": "2025-08-07T08:36:38.790Z"}}, {"model": "core.product", "pk": 60, "fields": {"name": "Бутылка для воды Владивосток", "slug": "butylka-dlya-vody-vladivostok", "description": "Бутылка для воды. Доступна во Владивостоке.", "price": 650, "image": "", "category": 5, "available": true, "stock": 2, "is_digital": false, "featured": false, "created_at": "2025-08-07T08:36:38.798Z", "updated_at": "2025-08-07T08:36:38.799Z"}}, {"model": "core.product", "pk": 61, "fields": {"name": "Складной стакан Владивосток", "slug": "skladnoy-stakan-vladivostok", "description": "🔥 Удобный складной стакан. Доступен во Владивостоке.", "price": 550, "image": "", "category": 5, "available": true, "stock": 5, "is_digital": false, "featured": true, "created_at": "2025-08-07T08:36:38.804Z", "updated_at": "2025-08-07T08:36:38.805Z"}}, {"model": "core.product", "pk": 62, "fields": {"name": "Термос Владивосток", "slug": "termos-vladivostok", "description": "Качественный термос для горячих и холодных напитков. Доступен во Владивостоке.", "price": 900, "image": "", "category": 5, "available": true, "stock": 3, "is_digital": false, "featured": false, "created_at": "2025-08-07T08:36:38.811Z", "updated_at": "2025-08-07T08:36:38.811Z"}}, {"model": "core.product", "pk": 63, "fields": {"name": "Сумка-рюкзак \"Алгоритмика\"", "slug": "sumka-ryukzak-algoritmika", "description": "Удобная сумка-рюкзак с логотипом Алгоритмики.", "price": 250, "image": "", "category": 6, "available": true, "stock": 30, "is_digital": false, "featured": false, "created_at": "2025-08-07T08:36:42.259Z", "updated_at": "2025-08-07T08:36:42.259Z"}}, {"model": "core.product", "pk": 64, "fields": {"name": "Шопер", "slug": "shoper", "description": "Стильная сумка-шопер. В Благовещенске и в Уссурийске нет в наличии.", "price": 350, "image": "", "category": 6, "available": true, "stock": 2, "is_digital": false, "featured": false, "created_at": "2025-08-07T08:36:42.269Z", "updated_at": "2025-08-07T08:36:42.270Z"}}, {"model": "core.product", "pk": 65, "fields": {"name": "Рюкзак-сумка голубой", "slug": "ryukzak-sumka-goluboy", "description": "Стильный голубой рюкзак-сумка.", "price": 250, "image": "", "category": 6, "available": true, "stock": 10, "is_digital": false, "featured": false, "created_at": "2025-08-07T08:36:42.275Z", "updated_at": "2025-08-07T08:36:42.276Z"}}, {"model": "core.product", "pk": 66, "fields": {"name": "Рюкзак-сумка розовый", "slug": "ryukzak-sumka-rozovyy", "description": "Стильный розовый рюкзак-сумка.", "price": 250, "image": "", "category": 6, "available": true, "stock": 9, "is_digital": false, "featured": false, "created_at": "2025-08-07T08:36:42.279Z", "updated_at": "2025-08-07T08:36:42.279Z"}}, {"model": "core.product", "pk": 67, "fields": {"name": "Рюкзак-сумка желтый", "slug": "ryukzak-sumka-zheltyy", "description": "Стильный желтый рюкзак-сумка.", "price": 250, "image": "", "category": 6, "available": true, "stock": 9, "is_digital": false, "featured": false, "created_at": "2025-08-07T08:36:42.288Z", "updated_at": "2025-08-07T08:36:42.288Z"}}, {"model": "core.product", "pk": 68, "fields": {"name": "Сумка поясная Владивосток", "slug": "sumka-poyasnaya-vladivostok", "description": "Удобная поясная сумка. Доступна во Владивостоке.", "price": 700, "image": "", "category": 6, "available": true, "stock": 10, "is_digital": false, "featured": false, "created_at": "2025-08-07T08:36:42.293Z", "updated_at": "2025-08-07T08:36:42.295Z"}}, {"model": "core.product", "pk": 69, "fields": {"name": "Кепка фиолетовая", "slug": "kepka-fioletovaya", "description": "Стильная фиолетовая кепка.", "price": 400, "image": "", "category": 7, "available": true, "stock": 3, "is_digital": false, "featured": false, "created_at": "2025-08-07T08:36:44.793Z", "updated_at": "2025-08-07T08:36:44.795Z"}}, {"model": "core.product", "pk": 70, "fields": {"name": "Кепка красная", "slug": "kepka-krasnaya", "description": "Яркая красная кепка.", "price": 400, "image": "", "category": 7, "available": true, "stock": 4, "is_digital": false, "featured": false, "created_at": "2025-08-07T08:36:44.802Z", "updated_at": "2025-08-07T08:36:44.803Z"}}, {"model": "core.product", "pk": 71, "fields": {"name": "Кепка жёлтая", "slug": "kepka-zhyoltaya", "description": "Солнечная жёлтая кепка.", "price": 400, "image": "", "category": 7, "available": true, "stock": 5, "is_digital": false, "featured": false, "created_at": "2025-08-07T08:36:44.807Z", "updated_at": "2025-08-07T08:36:44.810Z"}}, {"model": "core.product", "pk": 72, "fields": {"name": "Панама жёлтая", "slug": "panama-zhyoltaya", "description": "Удобная жёлтая панама для защиты от солнца.", "price": 400, "image": "", "category": 7, "available": true, "stock": 3, "is_digital": false, "featured": false, "created_at": "2025-08-07T08:36:44.816Z", "updated_at": "2025-08-07T08:36:44.816Z"}}, {"model": "core.product", "pk": 73, "fields": {"name": "Панама чёрная", "slug": "panama-chyornaya", "description": "Классическая чёрная панама.", "price": 400, "image": "", "category": 7, "available": true, "stock": 5, "is_digital": false, "featured": false, "created_at": "2025-08-07T08:36:44.823Z", "updated_at": "2025-08-07T08:36:44.823Z"}}, {"model": "core.product", "pk": 74, "fields": {"name": "Панама красная", "slug": "panama-krasnaya", "description": "Яркая красная панама.", "price": 400, "image": "", "category": 7, "available": true, "stock": 5, "is_digital": false, "featured": false, "created_at": "2025-08-07T08:36:44.828Z", "updated_at": "2025-08-07T08:36:44.828Z"}}, {"model": "core.product", "pk": 75, "fields": {"name": "Наклейки \"Алгоритмика\"", "slug": "nakleyki-algoritmika", "description": "Стильные наклейки с логотипом Алгоритмики. Доступны во Владивостоке, Уссурийске, Находке.", "price": 70, "image": "", "category": 8, "available": true, "stock": 29, "is_digital": false, "featured": false, "created_at": "2025-08-07T08:48:48.569Z", "updated_at": "2025-08-07T08:48:48.569Z"}}, {"model": "core.product", "pk": 76, "fields": {"name": "Стикерпаки \"Новый год с Алгоритмикой\"", "slug": "stikerpaki-novyy-god-s-algoritmikoy", "description": "Праздничные стикеры к Новому году от Алгоритмики.", "price": 60, "image": "", "category": 8, "available": true, "stock": 6, "is_digital": false, "featured": false, "created_at": "2025-08-07T08:48:48.583Z", "updated_at": "2025-08-07T08:48:48.583Z"}}, {"model": "core.product", "pk": 77, "fields": {"name": "3D стикеры в ассортименте (на выбор)", "slug": "3d-stikery-v-assortimente-na-vybor", "description": "Объемные 3D стикеры в ассортименте. Доступны в Благовещенске, Уссурийске.", "price": 30, "image": "", "category": 8, "available": true, "stock": 13, "is_digital": false, "featured": false, "created_at": "2025-08-07T08:48:48.586Z", "updated_at": "2025-08-07T08:48:48.586Z"}}, {"model": "core.product", "pk": 78, "fields": {"name": "3D стикеры по твоим любимым героям (или любой на твой вкус)", "slug": "3d-stikery-po-tvoim-lyubimym-geroyam-ili-lyuboy-na-tvoy-vkus", "description": "Персонализированные 3D стикеры с любимыми героями. В Уссурийске и в Благовещенске в наличии.", "price": 30, "image": "", "category": 8, "available": true, "stock": 12, "is_digital": false, "featured": false, "created_at": "2025-08-07T08:48:48.595Z", "updated_at": "2025-08-07T08:48:48.596Z"}}, {"model": "core.product", "pk": 79, "fields": {"name": "Индивидуальный урок с преподавателем (30 минут)", "slug": "individualnyy-urok-s-prepodavatelem-30-minut", "description": "ТОП! Персональное занятие с опытным преподавателем длительностью 30 минут.", "price": 300, "image": "", "category": 18, "available": true, "stock": 20, "is_digital": true, "featured": true, "created_at": "2025-08-07T08:48:50.723Z", "updated_at": "2025-08-07T08:48:50.724Z"}}, {"model": "core.product", "pk": 80, "fields": {"name": "Сертификат DODO PIZZA 1000", "slug": "sertifikat-dodo-pizza-1000", "description": "Подарочный сертификат DODO PIZZA номиналом 1000 рублей.", "price": 1000, "image": "", "category": 9, "available": true, "stock": 20, "is_digital": true, "featured": false, "created_at": "2025-08-07T08:48:52.842Z", "updated_at": "2025-08-07T08:48:52.843Z"}}, {"model": "core.product", "pk": 81, "fields": {"name": "Часы «Алгоритмика» фиолетовые", "slug": "chasy-algoritmika-fioletovye", "description": "Стильные фиолетовые часы с логотипом Алгоритмики. В Благовещенске нет в наличии.", "price": 450, "image": "", "category": 10, "available": true, "stock": 10, "is_digital": false, "featured": false, "created_at": "2025-08-07T08:48:54.964Z", "updated_at": "2025-08-07T08:48:54.964Z"}}, {"model": "core.product", "pk": 82, "fields": {"name": "Мяч на резинке Владивосток", "slug": "myach-na-rezinke-vladivostok", "description": "Забавный мяч на резинке для активных игр. Доступен во Владивостоке.", "price": 350, "image": "", "category": 11, "available": true, "stock": 8, "is_digital": false, "featured": false, "created_at": "2025-08-07T08:48:57.058Z", "updated_at": "2025-08-07T08:48:57.058Z"}}, {"model": "core.product", "pk": 83, "fields": {"name": "Футболка \"Алгоритмика обучает\" черная", "slug": "futbolka-algoritmika-obuchaet-chernaya", "description": "Черная футболка с надписью \"Алгоритмика обучает\". Размеры: XXS, XS, S, М, L.", "price": 650, "image": "", "category": 12, "available": true, "stock": 10, "is_digital": false, "featured": false, "created_at": "2025-08-07T08:49:03.937Z", "updated_at": "2025-08-07T08:49:03.937Z"}}, {"model": "core.product", "pk": 84, "fields": {"name": "Футболка \"Алгоритмика вдохновляет\" черная", "slug": "futbolka-algoritmika-vdohnovlyaet-chernaya", "description": "Черная футболка с надписью \"Алгоритмика вдохновляет\". Размеры: XXS, XS, S, М, L.", "price": 650, "image": "", "category": 12, "available": true, "stock": 9, "is_digital": false, "featured": false, "created_at": "2025-08-07T08:49:03.949Z", "updated_at": "2025-08-07T08:49:03.949Z"}}, {"model": "core.product", "pk": 85, "fields": {"name": "Худи \"Алгоритмика\" розовая", "slug": "hudi-algoritmika-rozovaya", "description": "Розовая худи с логотипом Алгоритмики. Размер М. В Благовещенске нет в наличии.", "price": 750, "image": "", "category": 12, "available": true, "stock": 3, "is_digital": false, "featured": false, "created_at": "2025-08-07T08:49:03.955Z", "updated_at": "2025-08-07T08:49:03.956Z"}}, {"model": "core.product", "pk": 86, "fields": {"name": "Футболка «Алгоритмика» жёлтая", "slug": "futbolka-algoritmika-zhyoltaya", "description": "Яркая жёлтая футболка с логотипом Алгоритмики.", "price": 700, "image": "", "category": 12, "available": true, "stock": 10, "is_digital": false, "featured": false, "created_at": "2025-08-07T08:49:03.961Z", "updated_at": "2025-08-07T08:49:03.961Z"}}, {"model": "core.product", "pk": 87, "fields": {"name": "Сертификат OZON номинал 500", "slug": "sertifikat-ozon-nominal-500", "description": "Подарочный сертификат OZON номиналом 500 рублей.", "price": 500, "image": "", "category": 13, "available": true, "stock": 15, "is_digital": true, "featured": false, "created_at": "2025-08-07T08:49:06.086Z", "updated_at": "2025-08-07T08:49:06.086Z"}}, {"model": "core.product", "pk": 88, "fields": {"name": "Сертификат OZON 1000", "slug": "sertifikat-ozon-1000", "description": "Подарочный сертификат OZON номиналом 1000 рублей.", "price": 1000, "image": "", "category": 13, "available": true, "stock": 19, "is_digital": true, "featured": false, "created_at": "2025-08-07T08:49:06.100Z", "updated_at": "2025-08-07T08:49:06.101Z"}}, {"model": "core.product", "pk": 89, "fields": {"name": "Сертификат DNS 500", "slug": "sertifikat-dns-500", "description": "Подарочный сертификат DNS номиналом 500 рублей.", "price": 500, "image": "", "category": 13, "available": true, "stock": 15, "is_digital": true, "featured": false, "created_at": "2025-08-07T08:49:06.107Z", "updated_at": "2025-08-07T08:49:06.107Z"}}, {"model": "core.product", "pk": 90, "fields": {"name": "Сертификат DNS 1000", "slug": "sertifikat-dns-1000", "description": "Подарочный сертификат DNS номиналом 1000 рублей.", "price": 1000, "image": "", "category": 13, "available": true, "stock": 19, "is_digital": true, "featured": false, "created_at": "2025-08-07T08:49:06.113Z", "updated_at": "2025-08-07T08:49:06.115Z"}}, {"model": "core.product", "pk": 91, "fields": {"name": "Сертификат Л'этуаль 500", "slug": "sertifikat-letual-500", "description": "Подарочный сертификат Л'этуаль номиналом 500 рублей.", "price": 500, "image": "", "category": 13, "available": true, "stock": 17, "is_digital": true, "featured": false, "created_at": "2025-08-07T08:49:06.121Z", "updated_at": "2025-08-07T08:49:06.121Z"}}, {"model": "core.product", "pk": 92, "fields": {"name": "Сертификат Л'этуаль 1000", "slug": "sertifikat-letual-1000", "description": "Подарочный сертификат Л'этуаль номиналом 1000 рублей.", "price": 1000, "image": "", "category": 13, "available": true, "stock": 20, "is_digital": true, "featured": false, "created_at": "2025-08-07T08:49:06.125Z", "updated_at": "2025-08-07T08:49:06.125Z"}}, {"model": "core.product", "pk": 93, "fields": {"name": "Сертификат Спортмастер 500", "slug": "sertifikat-sportmaster-500", "description": "Подарочный сертификат Спортмастер номиналом 500 рублей.", "price": 500, "image": "", "category": 13, "available": true, "stock": 19, "is_digital": true, "featured": false, "created_at": "2025-08-07T08:49:06.134Z", "updated_at": "2025-08-07T08:49:06.135Z"}}, {"model": "core.product", "pk": 94, "fields": {"name": "Сертификат Спортмастер 1000", "slug": "sertifikat-sportmaster-1000", "description": "Подарочный сертификат Спортмастер номиналом 1000 рублей.", "price": 1000, "image": "", "category": 13, "available": true, "stock": 19, "is_digital": true, "featured": false, "created_at": "2025-08-07T08:49:06.139Z", "updated_at": "2025-08-07T08:49:06.139Z"}}, {"model": "core.product", "pk": 95, "fields": {"name": "Сертификат DODO PIZZA 1000 (подарочные)", "slug": "sertifikat-dodo-pizza-1000-podarochnye", "description": "Подарочный сертификат DODO PIZZA номиналом 1000 рублей.", "price": 1000, "image": "", "category": 13, "available": true, "stock": 15, "is_digital": true, "featured": false, "created_at": "2025-08-07T08:49:06.147Z", "updated_at": "2025-08-07T08:49:06.148Z"}}, {"model": "core.product", "pk": 96, "fields": {"name": "USB-накопитель 16Gb белый", "slug": "usb-nakopitel-16gb-belyy", "description": "USB-накопитель объемом 16Gb в белом корпусе.", "price": 600, "image": "", "category": 14, "available": true, "stock": 2, "is_digital": false, "featured": false, "created_at": "2025-08-07T08:49:08.254Z", "updated_at": "2025-08-07T08:49:08.254Z"}}, {"model": "core.product", "pk": 97, "fields": {"name": "USB-накопитель 16Gb зелёный", "slug": "usb-nakopitel-16gb-zelyonyy", "description": "USB-накопитель объемом 16Gb в зелёном корпусе. В Благовещенске нет в наличии.", "price": 600, "image": "", "category": 14, "available": true, "stock": 4, "is_digital": false, "featured": false, "created_at": "2025-08-07T08:49:08.263Z", "updated_at": "2025-08-07T08:49:08.263Z"}}, {"model": "core.product", "pk": 98, "fields": {"name": "USB-накопитель 16Gb оранжевый", "slug": "usb-nakopitel-16gb-oranzhevyy", "description": "USB-накопитель объемом 16Gb в оранжевом корпусе. В Благовещенске нет в наличии.", "price": 600, "image": "", "category": 14, "available": true, "stock": 3, "is_digital": false, "featured": false, "created_at": "2025-08-07T08:49:08.269Z", "updated_at": "2025-08-07T08:49:08.270Z"}}, {"model": "core.product", "pk": 99, "fields": {"name": "Ремувка желтая \"Дети вам покажут\"", "slug": "remuvka-zheltaya-deti-vam-pokazhut", "description": "Желтая ремувка с надписью \"Дети вам покажут\". В Благовещенске нет в наличии.", "price": 150, "image": "", "category": 14, "available": true, "stock": 7, "is_digital": false, "featured": false, "created_at": "2025-08-07T08:49:10.439Z", "updated_at": "2025-08-07T08:49:10.439Z"}}, {"model": "core.product", "pk": 100, "fields": {"name": "Ремувка белая \"GO [кодить]\"", "slug": "remuvka-belaya-go-kodit", "description": "Белая ремувка с надписью \"GO [кодить]\". В Благовещенске нет в наличии.", "price": 150, "image": "", "category": 14, "available": true, "stock": 8, "is_digital": false, "featured": false, "created_at": "2025-08-07T08:49:10.447Z", "updated_at": "2025-08-07T08:49:10.447Z"}}, {"model": "core.product", "pk": 101, "fields": {"name": "Картхолдер кожаный «Алгоритмика»", "slug": "kartholder-kozhanyy-algoritmika", "description": "Кожаный картхолдер с логотипом Алгоритмики.", "price": 450, "image": "", "category": 14, "available": true, "stock": 8, "is_digital": false, "featured": false, "created_at": "2025-08-07T08:49:10.453Z", "updated_at": "2025-08-07T08:49:10.454Z"}}, {"model": "core.product", "pk": 102, "fields": {"name": "PowerBank Владивосток", "slug": "powerbank-vladivostok", "description": "Портативный аккумулятор для зарядки устройств. Доступен во Владивостоке.", "price": 1200, "image": "", "category": 14, "available": true, "stock": 2, "is_digital": false, "featured": false, "created_at": "2025-08-07T08:49:10.458Z", "updated_at": "2025-08-07T08:49:10.460Z"}}, {"model": "core.product", "pk": 103, "fields": {"name": "Алгоритмика \"Это жизнь\"", "slug": "algoritmika-eto-zhizn", "description": "Значок с надписью \"Алгоритмика - это жизнь\".", "price": 100, "image": "", "category": 16, "available": true, "stock": 14, "is_digital": false, "featured": false, "created_at": "2025-08-07T08:49:12.576Z", "updated_at": "2025-08-07T08:49:12.576Z"}}, {"model": "core.product", "pk": 104, "fields": {"name": "Я люблю \"Алгоритмику\"", "slug": "ya-lyublyu-algoritmiku", "description": "Значок для выражения любви к Алгоритмике.", "price": 100, "image": "", "category": 16, "available": true, "stock": 23, "is_digital": false, "featured": false, "created_at": "2025-08-07T08:49:12.591Z", "updated_at": "2025-08-07T08:49:12.591Z"}}, {"model": "core.product", "pk": 105, "fields": {"name": "Open Source be with you", "slug": "open-source-be-with-you", "description": "Значок для любителей открытого исходного кода.", "price": 100, "image": "", "category": 16, "available": true, "stock": 22, "is_digital": false, "featured": false, "created_at": "2025-08-07T08:49:12.592Z", "updated_at": "2025-08-07T08:49:12.592Z"}}, {"model": "core.product", "pk": 106, "fields": {"name": "Бэйджи школьные Владивосток", "slug": "beydzhi-shkolnye-vladivostok", "description": "Школьные бэйджи для учеников. Доступны во Владивостоке.", "price": 300, "image": "", "category": 16, "available": true, "stock": 10, "is_digital": false, "featured": false, "created_at": "2025-08-07T08:49:12.603Z", "updated_at": "2025-08-07T08:49:12.603Z"}}, {"model": "core.city", "pk": 1, "fields": {"name": "Москва", "created_at": "2025-08-07T01:10:38.719Z"}}, {"model": "core.city", "pk": 2, "fields": {"name": "Санкт-Петербург", "created_at": "2025-08-07T01:10:38.721Z"}}, {"model": "core.school", "pk": 1, "fields": {"city": 1, "name": "ГБОУ Школа № 1234", "director": "Иванов Иван Иванович", "representative": "Петрова Анна Сергеевна", "address": "г. Москва, ул. Пушкина, д. 10", "phone": "+7 (495) 123-45-67", "email": "school1234@edu.mos.ru", "website": "https://sch1234.mskobr.ru", "created_at": "2025-08-07T01:10:38.732Z"}}, {"model": "core.school", "pk": 2, "fields": {"city": 2, "name": "ГБОУ СОШ № 567", "director": "Сидоров Петр Петрович", "representative": "Козлова Мария Ивановна", "address": "г. Санкт-Петербург, пр. Невский, д. 25", "phone": "+7 (812) 987-65-43", "email": "school567@spb.edu.ru", "website": "", "created_at": "2025-08-07T01:10:38.738Z"}}, {"model": "core.course", "pk": 1, "fields": {"school": 1, "name": "Программирование на Python", "description": "Изучение основ программирования на языке Python", "duration_hours": 72, "is_active": true, "created_at": "2025-08-07T01:10:38.749Z"}}, {"model": "core.course", "pk": 2, "fields": {"school": 1, "name": "Веб-разработка", "description": "HTML, CSS, JavaScript для создания веб-сайтов", "duration_hours": 64, "is_active": true, "created_at": "2025-08-07T01:10:38.756Z"}}, {"model": "core.course", "pk": 3, "fields": {"school": 2, "name": "Робототехника", "description": "Создание и программирование роботов", "duration_hours": 48, "is_active": true, "created_at": "2025-08-07T01:10:38.762Z"}}, {"model": "core.awardreason", "pk": 1, "fields": {"name": "За работу на уроке", "coins": 10, "cooldown_days": 0, "is_special": false}}, {"model": "core.awardreason", "pk": 2, "fields": {"name": "Не пропускать занятия месяц", "coins": 30, "cooldown_days": 30, "is_special": false}}, {"model": "core.awardreason", "pk": 3, "fields": {"name": "Придумай название своей команды", "coins": 30, "cooldown_days": 0, "is_special": true}}, {"model": "core.awardreason", "pk": 4, "fields": {"name": "Нарисуй логотип своей команды", "coins": 40, "cooldown_days": 0, "is_special": true}}, {"model": "core.awardreason", "pk": 5, "fields": {"name": "Стань помощником педагога на занятии", "coins": 30, "cooldown_days": 0, "is_special": false}}, {"model": "core.awardreason", "pk": 6, "fields": {"name": "Создай собственный проект (не по программе курса не чаще 1 раза в месяц)", "coins": 40, "cooldown_days": 30, "is_special": true}}, {"model": "core.awardreason", "pk": 7, "fields": {"name": "Создай групповой проект (не по программе курса не чаще 1 раза в месяц)", "coins": 50, "cooldown_days": 30, "is_special": true}}, {"model": "core.awardreason", "pk": 8, "fields": {"name": "Выполняй задания дома", "coins": 30, "cooldown_days": 0, "is_special": false}}, {"model": "core.awardreason", "pk": 9, "fields": {"name": "Участие в соревнованиях", "coins": 70, "cooldown_days": 0, "is_special": true}}, {"model": "core.awardreason", "pk": 10, "fields": {"name": "Отзыв родителей (положительный)", "coins": 40, "cooldown_days": 0, "is_special": false}}, {"model": "core.awardreason", "pk": 11, "fields": {"name": "Отзыв родителей (отличный)", "coins": 80, "cooldown_days": 0, "is_special": true}}]